,p,adjustedP,F,T2,df1,df2,D2
"('personality_extraversion', 'personality_agreeableness')",0.31314635674333957,2.5051708539467166,0.3774488551503582,0.7645758860738024,2,78,0.038228794303690125
"('personality_extraversion', 'personality_conscientiousness')",0.0055586931454492125,0.0444695451635937,0.00557459854696621,0.011292135518213604,2,78,0.0005646067759106803
"('personality_extraversion', 'personality_neuroticism')",0.37879598688363386,3.030367895069071,0.4790135776709318,0.9703095547693233,2,78,0.048515477738466165
"('personality_agreeableness', 'personality_conscientiousness')",0.2893472134516778,2.3147777076134224,0.3430714716291429,0.694939647659033,2,78,0.03474698238295165
"('personality_agreeableness', 'personality_neuroticism')",0.598547613583717,4.788380908669736,0.9234291060162036,1.870535881417438,2,78,0.0935267940708719
"('personality_agreeableness', 'personality_openness')",0.32781030716464227,2.622482457317138,0.3992443965633943,0.8087258289361063,2,78,0.040436291446805314
"('personality_conscientiousness', 'personality_neuroticism')",0.3878001917277018,3.1024015338216144,0.49379651623175697,1.0002544815976615,2,78,0.050012724079883074
"('personality_neuroticism', 'personality_openness')",0.44906039832810385,3.592483186624831,0.600709433833072,1.2168216736618636,2,78,0.06084108368309318
